precision@1,precision@2,recall@1,recall@2,method
0.21544943820224718,0.131811797752809,0.20821629213483145,0.2542134831460674,graph_traversal_random_seed_2025
