precision@1,precision@2,recall@1,recall@2,method
0.20463483146067415,0.1261938202247191,0.1982443820224719,0.24382022471910111,graph_traversal_random_seed_42
