precision@1,precision@2,recall@1,recall@2,method
0.20772471910112358,0.12731741573033709,0.20098314606741574,0.2464185393258427,graph_traversal_random_seed_27
