precision@1,precision@2,recall@1,recall@2,method
0.011695906432748537,0.011695906432748537,0.011695906432748537,0.023391812865497075,random_seed_27
