precision@1,precision@2,recall@1,recall@2,method
0.007797270955165692,0.011695906432748537,0.007797270955165692,0.023391812865497075,random_seed_2025
