precision@1,precision@2,recall@1,recall@2,method
0.7703949796973053,0.4422296050203027,0.7703949796973053,0.8844592100406053,DeepSeek_04-AD_temp_Temp_0.1
