precision@1,precision@2,recall@1,recall@2,method
0.7990033222591362,0.43899963086009597,0.7990033222591362,0.8779992617201919,DeepSeek_03-Name_structure_similarity_Unknown_Temp_0.0
