precision@1,precision@2,recall@1,recall@2,method
0.7407407407407407,0.4522417153996101,0.7407407407407407,0.9044834307992202,deepseek_name_structure_temperature_0.1
