precision@1,precision@2,recall@1,recall@2,method
0.6803118908382066,0.42105263157894735,0.6803118908382066,0.8421052631578947,deepseek_FXS_temperature_0.0
