precision@1,precision@2,recall@1,recall@2,method
0.6666666666666666,0.39571150097465885,0.6666666666666666,0.7914230019493177,deepseek_name_structure_similarity_temperature_0.9
