precision@1,precision@2,recall@1,recall@2,method
0.6705653021442495,0.3966861598440546,0.6705653021442495,0.7933723196881092,deepseek_name_structure_similarity_temperature_0.5
