precision@1,precision@2,recall@1,recall@2,method
0.7816764132553606,0.4678362573099415,0.7816764132553606,0.935672514619883,deepseek_name_temperature_0.0
