precision@1,precision@2,recall@1,recall@2,method
0.6530214424951267,0.42592592592592593,0.6530214424951267,0.8518518518518519,deepseek_FXS_temperature_0.0_unknown
