precision@1,precision@2,recall@1,recall@2,method
0.6998050682261209,0.43859649122807015,0.6998050682261209,0.8771929824561403,deepseek_FXS_temperature_0.1
