precision@1,precision@2,recall@1,recall@2,method
0.7543859649122807,0.4395711500974659,0.7543859649122807,0.8791423001949318,deepseek_name_structure_temperature_0.0
