precision@1,precision@2,recall@1,recall@2,method
0.7602339181286549,0.43762183235867447,0.7602339181286549,0.8752436647173489,deepseek_name_structure_temperature_0.5
