precision@1,precision@2,recall@1,recall@2,method
0.6900584795321637,0.4395711500974659,0.6900584795321637,0.8791423001949318,deepseek_FXS_temperature_0.5
