precision@1,precision@2,recall@1,recall@2,method
0.6861598440545809,0.4346978557504873,0.6861598440545809,0.8693957115009746,deepseek_FXS_temperature_0.9
