precision@1,precision@2,recall@1,recall@2,method
0.7719298245614035,0.46588693957115007,0.7719298245614035,0.9317738791423001,deepseek_name_temperature_0.0_unknown
