precision@1,precision@2,recall@1,recall@2,method
0.6588693957115009,0.3898635477582846,0.6588693957115009,0.7797270955165692,deepseek_name_structure_similarity_temperature_0.0_unknown
