precision@1,precision@2,recall@1,recall@2,method
0.7524366471734892,0.4444444444444444,0.7524366471734892,0.8888888888888888,deepseek_name_structure_temperature_0.0_unknown
