precision@1,precision@2,recall@1,recall@2,method
0.7875243664717348,0.4668615984405458,0.7875243664717348,0.9337231968810916,deepseek_name_temperature_0.9
