precision@1,precision@2,recall@1,recall@2,method
0.6881091617933723,0.3937621832358674,0.6881091617933723,0.7875243664717348,deepseek_name_structure_similarity_temperature_0.0
