precision@1,precision@2,recall@1,recall@2,method
0.7407407407407407,0.44639376218323584,0.7407407407407407,0.8927875243664717,deepseek_name_structure_temperature_0.9
