precision@1,precision@2,recall@1,recall@2,method
0.783625730994152,0.4649122807017544,0.783625730994152,0.9298245614035088,deepseek_name_temperature_0.1
