precision@1,precision@2,recall@1,recall@2,method
0.783625730994152,0.4619883040935672,0.783625730994152,0.9239766081871345,deepseek_name_temperature_0.5
