precision@1,precision@2,recall@1,recall@2,method
0.7744555186415651,0.44370616463639717,0.7744555186415651,0.8874123292727943,deepseek_AD_temp_temperature_0.9
