precision@1,precision@2,recall@1,recall@2,method
0.8351790328534514,0.45930232558139533,0.8351790328534514,0.9186046511627907,deepseek_name_structure_temperature_0.9
