precision@1,precision@2,recall@1,recall@2,method
0.7787006275378369,0.4425987449243263,0.7787006275378369,0.8851974898486527,deepseek_AD_temp_temperature_0.0_unknown
