precision@1,precision@2,recall@1,recall@2,method
0.840531561461794,0.46806939830195643,0.840531561461794,0.9361387966039129,deepseek_name_temperature_0.9
