precision@1,precision@2,recall@1,recall@2,method
0.8368401624215578,0.4666851236618679,0.8368401624215578,0.9333702473237357,deepseek_name_temperature_0.0_unknown
