precision@1,precision@2,recall@1,recall@2,method
0.799187892211148,0.43549280177187155,0.799187892211148,0.8709856035437431,deepseek_name_structure_similarity_temperature_0.9
