precision@1,precision@2,recall@1,recall@2,method
0.8015873015873016,0.4391842008121078,0.8015873015873016,0.8783684016242156,deepseek_name_structure_similarity_temperature_0.1
