precision@1,precision@2,recall@1,recall@2,method
0.841454411221853,0.4673311184939092,0.841454411221853,0.9346622369878184,deepseek_name_temperature_0.5
