precision@1,precision@2,recall@1,recall@2,method
0.804171280915467,0.4377076411960133,0.804171280915467,0.8754152823920266,deepseek_name_structure_similarity_temperature_0.0
