precision@1,precision@2,recall@1,recall@2,method
0.834625322997416,0.4590254706533776,0.834625322997416,0.9180509413067552,deepseek_name_structure_temperature_0.1
