precision@1,precision@2,recall@1,recall@2,method
0.7722406792174235,0.44250645994832044,0.7722406792174235,0.8850129198966409,deepseek_AD_temp_temperature_0.5
