precision@1,precision@2,recall@1,recall@2,method
0.8357327427094869,0.46936138796603916,0.8357327427094869,0.9387227759320783,deepseek_name_temperature_0.1
