precision@1,precision@2,recall@1,recall@2,method
0.7990033222591362,0.43899963086009597,0.7990033222591362,0.8779992617201919,deepseek_name_structure_similarity_temperature_0.0_unknown
