precision@1,precision@2,recall@1,recall@2,method
0.8337024732373569,0.4581949058693245,0.8337024732373569,0.916389811738649,deepseek_name_structure_temperature_0.5
