precision@1,precision@2,recall@1,recall@2,method
0.8019564414913252,0.4367847914359542,0.8019564414913252,0.8735695828719084,DeepSeek_03-Name_structure_similarity_Temp_0.5
