precision@1,precision@2,recall@1,recall@2,method
0.7713178294573644,0.4421373200442968,0.7713178294573644,0.8842746400885936,DeepSeek_04-AD_temp_Temp_0.0
