precision@1,precision@2,recall@1,recall@2,method
0.05660112359550562,0.05603932584269663,0.05463483146067416,0.10835674157303371,random_seed_27
