precision@1,precision@2,recall@1,recall@2,method
0.05491573033707865,0.05603932584269663,0.05266853932584269,0.10688202247191012,random_seed_2025
