precision@1,precision@2,recall@1,recall@2,method
0.05449438202247191,0.053792134831460676,0.052598314606741574,0.1035814606741573,random_seed_42
