precision@1,precision@2,recall@1,recall@2,method
0.7065337763012182,0.38187523071244,0.7065337763012182,0.76375046142488,Reference_free_Name_structure_similarity_0.9
