precision@1,precision@2,recall@1,recall@2,method
0.8359173126614987,0.45782576596530083,0.8359173126614987,0.9156515319306017,DeepSeek_02-Name_structure_Temp_0
