precision@1,precision@2,recall@1,recall@2,method
0.7779623477297896,0.4377076411960133,0.7779623477297896,0.8754152823920266,Reference_free_Name
