precision@1,precision@2,recall@1,recall@2,method
0.7788851974898486,0.4378922111480251,0.7788851974898486,0.8757844222960502,Reference_free_Name_0.1
