precision@1,precision@2,recall@1,recall@2,method
0.7641196013289037,0.4305094130675526,0.7641196013289037,0.8610188261351052,Reference_free_Name_0.9
