precision@1,precision@2,recall@1,recall@2,method
0.7264673311184939,0.4005167958656331,0.7264673311184939,0.8010335917312662,Reference_free_Name_structure_0.1
