precision@1,precision@2,recall@1,recall@2,method
0.7153931339977851,0.39341085271317827,0.7153931339977851,0.7868217054263565,Reference_free_Name_structure_0.9
