precision@1,precision@2,recall@1,recall@2,method
0.7259136212624585,0.39747139165743817,0.7259136212624585,0.7949427833148763,Reference_free_Name_structure_0.5
