precision@1,precision@2,recall@1,recall@2,method
0.2047752808988764,0.13089887640449438,0.2002808988764045,0.25435393258426964,go_similarity_search_random_seed_27
