precision@1,precision@2,recall@1,recall@2,method
0.20603932584269663,0.1297050561797753,0.20140449438202246,0.25287921348314607,go_similarity_search_random_seed_2025
