precision@1,precision@2,recall@1,recall@2,method
0.20365168539325842,0.12717696629213482,0.1990870786516854,0.2478932584269663,go_similarity_search_random_seed_42
