precision@1,precision@2,recall@1,recall@2,method
0.2071629213483146,0.12766853932584268,0.20126404494382022,0.24768258426966291,random_seed_2025
