precision@1,precision@2,recall@1,recall@2,method
0.21320224719101125,0.12984550561797753,0.20646067415730338,0.25112359550561797,random_seed_42
