precision@1,precision@2,recall@1,recall@2,method
0.20786516853932585,0.12773876404494383,0.2009129213483146,0.24662921348314606,random_seed_2022
