precision@1,precision@2,recall@1,recall@2,method
0.2101123595505618,0.12907303370786516,0.2033005617977528,0.24957865168539325,random_seed_27
