precision@1,precision@2,recall@1,recall@2,method
0.8370247323735696,0.4673311184939092,0.8370247323735696,0.9346622369878184,DeepSeek_01-Name_Temp_0
