precision@1,precision@2,recall@1,recall@2,method
0.7744555186415651,0.44370616463639717,0.7744555186415651,0.8874123292727943,DeepSeek_04-AD_temp_Temp_0.9
