precision@1,precision@2,recall@1,recall@2,method
0.05997191011235955,0.05632022471910112,0.058075842696629215,0.10898876404494381,go_similarity_random_seed_2025
