precision@1,precision@2,recall@1,recall@2,method
0.056179775280898875,0.05301966292134831,0.05365168539325843,0.10140449438202247,go_similarity_random_seed_42
