precision@1,precision@2,recall@1,recall@2,method
0.05800561797752809,0.055758426966292136,0.056109550561797755,0.10737359550561798,go_similarity_random_seed_27
