precision@1,precision@2,recall@1,recall@2,method
0.05463483146067416,0.054213483146067415,0.05266853932584269,0.10435393258426966,go_similarity_random_seed_42
