precision@1,precision@2,recall@1,recall@2,method
0.05084269662921349,0.053230337078651685,0.04859550561797753,0.10252808988764045,random_seed_27
