precision@1,precision@2,recall@1,recall@2,method
0.057162921348314605,0.05561797752808989,0.05603932584269663,0.10765449438202247,random_seed_42
