precision@1,precision@2,recall@1,recall@2,method
0.058146067415730335,0.05547752808988764,0.056179775280898875,0.10688202247191012,random_seed_2025
