precision@1,precision@2,recall@1,recall@2,method
0.8335179032853451,0.4603174603174603,0.8335179032853451,0.9206349206349206,DeepSeek_02-Name_structure_Unknown_0
