precision@1,precision@2,recall@1,recall@2,method
0.7722406792174235,0.44250645994832044,0.7722406792174235,0.8850129198966409,DeepSeek_04-AD_temp_Temp_0.5
