precision@1,precision@2,recall@1,recall@2,method
0.08382066276803118,0.0682261208576998,0.08382066276803118,0.1364522417153996,go_similarity_search_random_seed_42
