precision@1,precision@2,recall@1,recall@2,method
0.07992202729044834,0.06627680311890838,0.07992202729044834,0.13255360623781676,go_similarity_search_random_seed_27
