precision@1,precision@2,recall@1,recall@2,method
0.08382066276803118,0.06042884990253411,0.08382066276803118,0.12085769980506822,go_similarity_search_random_seed_2025
