precision@1,precision@2,recall@1,recall@2,method
0.01364522417153996,0.010721247563352826,0.01364522417153996,0.021442495126705652,go_similarity_random_seed_27
