precision@1,precision@2,recall@1,recall@2,method
0.021442495126705652,0.017543859649122806,0.021442495126705652,0.03508771929824561,go_similarity_random_seed_2025
