precision@1,precision@2,recall@1,recall@2,method
0.007797270955165692,0.009746588693957114,0.007797270955165692,0.01949317738791423,go_similarity_random_seed_42
