precision@1,precision@2,recall@1,recall@2,method
0.7236987818383167,0.4160206718346253,0.7236987818383167,0.8320413436692506,chatgpt_name_temperature_0.0_unknown
