precision@1,precision@2,recall@1,recall@2,method
0.7078257659653009,0.4003322259136213,0.7078257659653009,0.8006644518272426,chatgpt_name_structure_temperature_0.0_unknown
