precision@1,precision@2,recall@1,recall@2,method
0.7211148025101514,0.3875046142488003,0.7211148025101514,0.7750092284976006,chatgpt_name_structure_similarity_temperature_0.0
