precision@1,precision@2,recall@1,recall@2,method
0.7153931339977851,0.39341085271317827,0.7153931339977851,0.7868217054263565,chatgpt_name_structure_temperature_0.9
