precision@1,precision@2,recall@1,recall@2,method
0.7543373938722776,0.4050387596899225,0.7543373938722776,0.810077519379845,chatgpt_name_AD_temperature_0.1
