precision@1,precision@2,recall@1,recall@2,method
0.7746400885935769,0.43576965669988926,0.7746400885935769,0.8715393133997785,chatgpt_name_temperature_0.5
