precision@1,precision@2,recall@1,recall@2,method
0.7124400147655962,0.3903654485049834,0.7124400147655962,0.7807308970099668,chatgpt_name_structure_similarity_temperature_0.0_unknown
