precision@1,precision@2,recall@1,recall@2,method
0.7283130306386121,0.400609080841639,0.7283130306386121,0.801218161683278,chatgpt_name_structure_temperature_0.0
