precision@1,precision@2,recall@1,recall@2,method
0.7122554448135844,0.38584348468069396,0.7122554448135844,0.7716869693613879,chatgpt_name_structure_similarity_temperature_0.5
