precision@1,precision@2,recall@1,recall@2,method
0.6912144702842378,0.4029162052417866,0.6912144702842378,0.8058324104835732,chatgpt_name_AD_temperature_0.0_unknown
