precision@1,precision@2,recall@1,recall@2,method
0.7438169066076042,0.4024547803617571,0.7438169066076042,0.8049095607235142,chatgpt_name_AD_temperature_0.9
