precision@1,precision@2,recall@1,recall@2,method
0.7166851236618679,0.3883351790328535,0.7166851236618679,0.776670358065707,chatgpt_name_structure_similarity_temperature_0.1
