precision@1,precision@2,recall@1,recall@2,method
0.7469545957918051,0.40328534514581027,0.7469545957918051,0.8065706902916205,chatgpt_name_AD_temperature_0.5
