precision@1,precision@2,recall@1,recall@2,method
0.7545219638242894,0.40485418973791065,0.7545219638242894,0.8097083794758213,ChatGPT_AD_0.0
