precision@1,precision@2,recall@1,recall@2,method
0.1364522417153996,0.07407407407407407,0.1364522417153996,0.14814814814814814,graph_traversal_random_seed_27
