precision@1,precision@2,recall@1,recall@2,method
0.1364522417153996,0.07115009746588694,0.1364522417153996,0.14230019493177387,graph_traversal_random_seed_2025
