precision@1,precision@2,recall@1,recall@2,method
0.13840155945419103,0.07407407407407407,0.13840155945419103,0.14814814814814814,graph_traversal_random_seed_42
