precision@1,precision@2,recall@1,recall@2,method
0.2631578947368421,0.22417153996101363,0.2631578947368421,0.44834307992202727,chatgpt_name_structure_similarity_temperature_0.0
