precision@1,precision@2,recall@1,recall@2,method
0.3469785575048733,0.22514619883040934,0.3469785575048733,0.4502923976608187,chatgpt_name_FXS_temperature_0.0
