precision@1,precision@2,recall@1,recall@2,method
0.3762183235867446,0.2387914230019493,0.3762183235867446,0.4775828460038986,chatgpt_name_temperature_0.9
