precision@1,precision@2,recall@1,recall@2,method
0.36062378167641324,0.24561403508771928,0.36062378167641324,0.49122807017543857,chatgpt_name_temperature_0.5
