precision@1,precision@2,recall@1,recall@2,method
0.2553606237816764,0.23489278752436646,0.2553606237816764,0.4697855750487329,chatgpt_name_structure_temperature_0.0
