precision@1,precision@2,recall@1,recall@2,method
0.26900584795321636,0.22709551656920077,0.26900584795321636,0.45419103313840153,chatgpt_name_structure_similarity_temperature_0.5
