precision@1,precision@2,recall@1,recall@2,method
0.2826510721247563,0.1881091617933723,0.2826510721247563,0.3762183235867446,chatgpt_name_FXS_temperature_0.0_unknown
