precision@1,precision@2,recall@1,recall@2,method
0.2631578947368421,0.23391812865497075,0.2631578947368421,0.4678362573099415,chatgpt_name_structure_temperature_0.5
