precision@1,precision@2,recall@1,recall@2,method
0.25925925925925924,0.1968810916179337,0.25925925925925924,0.3937621832358674,chatgpt_name_structure_similarity_temperature_0.0_unknown
