precision@1,precision@2,recall@1,recall@2,method
0.3391812865497076,0.21929824561403508,0.3391812865497076,0.43859649122807015,chatgpt_name_temperature_0.0_unknown
