precision@1,precision@2,recall@1,recall@2,method
0.2631578947368421,0.23684210526315788,0.2631578947368421,0.47368421052631576,chatgpt_name_structure_temperature_0.1
