precision@1,precision@2,recall@1,recall@2,method
0.34307992202729043,0.21734892787524365,0.34307992202729043,0.4346978557504873,chatgpt_name_FXS_temperature_0.1
