precision@1,precision@2,recall@1,recall@2,method
0.25146198830409355,0.2202729044834308,0.25146198830409355,0.4405458089668616,chatgpt_name_structure_similarity_temperature_0.1
