precision@1,precision@2,recall@1,recall@2,method
0.25925925925925924,0.21734892787524365,0.25925925925925924,0.4346978557504873,chatgpt_name_structure_similarity_temperature_0.9
