precision@1,precision@2,recall@1,recall@2,method
0.3567251461988304,0.23196881091617932,0.3567251461988304,0.46393762183235865,chatgpt_name_FXS_temperature_0.5
