precision@1,precision@2,recall@1,recall@2,method
0.2651072124756335,0.20760233918128654,0.2651072124756335,0.4152046783625731,chatgpt_name_structure_temperature_0.0_unknown
