precision@1,precision@2,recall@1,recall@2,method
0.8015873015873016,0.4391842008121078,0.8015873015873016,0.8783684016242156,DeepSeek_03-Name_structure_similarity_Temp_0.1
